PlayerID,PlayerName,Team,Season,GamesPlayed,AvgMinutes,Points,Rebounds,Assists,Steals,Blocks,Turnovers,FieldGoalPct,FreeThrowPct,ThreePointPct,ThreePointersMade,ThreePointAttempts,FieldGoalsMade,FieldGoalAttempts,FreeThrowsMade,FreeThrowAttempts,TrueShootingPct,UsageRate,Points_ZScore,Rebounds_ZScore,Assists_ZScore,Steals_ZScore,Blocks_ZScore,FieldGoalPct_ZScore,ThreePointersMade_ZScore,FreeThrowPct_ZScore,Turnovers_ZScore,Swish_Score,Overall_Rank
203999,Nikola Jokić,DEN,2023-24,79,34.6,26.4,12.4,9.0,1.4,0.9,3.0,0.583,0.817,0.359,1.1,2.9,10.4,17.9,4.5,5.5,0.65,0.288,1.7117106080858846,2.7886494259117693,2.5228750096041495,1.437505901456288,0.5482510053486414,1.827858006158039,-0.7757849085913363,0.2525668784615911,1.5035264727960282,11.398960809549388,1
203954,Joel Embiid,PHI,2023-24,39,33.6,34.7,11.0,5.6,1.2,1.7,3.8,0.529,0.883,0.388,1.4,3.6,11.5,21.8,10.2,11.6,0.644,0.387,3.145235494649054,2.2302921730295475,0.8672211863419164,0.823894269659599,2.1382905809422565,0.8781109303598309,-0.446215186087141,1.1317241193998937,2.5393376470880185,10.766246174173988,2
1628983,Shai Gilgeous-Alexander,OKC,2023-24,75,34.0,30.1,5.5,6.2,2.0,0.9,2.2,0.535,0.874,0.353,1.3,3.6,10.6,19.8,7.6,8.7,0.636,0.317,2.3507518225779003,0.0367458224208203,1.159395390447017,3.278340796846355,0.5482510053486414,0.9836383832262988,-0.556071760255206,1.011839041090125,0.4677152985040382,10.751941743303547,3
203076,Anthony Davis,LAL,2023-24,76,35.5,24.7,12.6,3.5,1.2,2.3,2.1,0.556,0.816,0.271,0.4,1.4,9.4,16.9,5.5,6.8,0.621,0.261,1.418097077103067,2.8684147477520865,-0.1553885280259331,0.823894269659599,3.330820262637467,1.3529844682589358,-1.5447809277677924,0.2392463142049502,0.3382389017175393,10.744705945666068,4
1629029,Luka Dončić,DAL,2023-24,70,37.5,33.9,9.2,9.8,1.4,0.5,4.0,0.487,0.786,0.382,4.1,10.6,11.5,23.6,6.8,8.7,0.617,0.355,3.0070644212453748,1.5124042764666912,2.9124406150776165,1.437505901456288,-0.2467687824481662,0.1394187602945564,2.5199123164506174,-0.1603706134942766,2.7982904406610163,10.492722813035531,5
1641705,Victor Wembanyama,SAS,2023-24,71,29.7,21.4,10.6,3.9,1.2,3.6,3.7,0.465,0.796,0.325,1.8,5.5,7.8,16.7,4.1,5.2,0.565,0.312,0.8481413993128912,2.0707615293489128,0.0393942747108001,0.823894269659599,5.914634572977092,-0.2475152335491577,-0.0067888894148802,-0.0271649709278672,2.40986125030152,9.892228582598253,6
202695,Kawhi Leonard,LAC,2023-24,68,34.3,23.7,6.1,3.6,1.6,0.9,1.8,0.525,0.885,0.417,2.1,4.9,9.0,17.1,3.7,4.2,0.626,0.261,1.2453832353484684,0.2760417879417723,-0.1066928273417497,2.0511175332529774,0.5482510053486414,0.807759295115519,0.3227808330893152,1.1583652479131754,-0.0501902886419571,8.244961122343302,7
1628378,Donovan Mitchell,CLE,2023-24,55,35.3,26.6,5.1,6.1,1.8,0.5,2.8,0.462,0.865,0.368,3.3,9.0,9.1,19.8,5.0,5.8,0.595,0.301,1.746253376436805,-0.1227848212598144,1.110699689762833,2.664729165049666,-0.2467687824481662,-0.3002789599823916,1.6410597231060966,0.8919539627803565,1.2445736792230304,7.779906853122959,8
202681,Kyrie Irving,DAL,2023-24,58,35.0,25.6,5.0,5.2,1.3,0.5,1.8,0.497,0.905,0.411,3.0,7.3,9.7,19.5,3.3,3.6,0.608,0.274,1.573539534682206,-0.1626674821799729,0.6724383836051834,1.1307000855579437,-0.2467687824481662,0.3152978484053361,1.3114900006019017,1.4247765330459945,-0.0501902886419571,7.62261250900299,9
1630169,Tyrese Haliburton,IND,2023-24,69,32.2,20.1,3.9,10.9,1.2,0.7,2.3,0.477,0.855,0.364,2.8,7.8,7.2,15.2,2.8,3.3,0.605,0.239,0.6236134050319134,-0.6013767523017185,3.4480933226036328,0.823894269659599,0.1507411114502374,-0.0364603278162231,1.091776852265771,0.7587483202139471,0.5971916952905365,7.139521726618318,10
203507,Giannis Antetokounmpo,MIL,2023-24,73,35.2,30.4,11.5,6.5,1.2,1.1,3.4,0.611,0.657,0.274,0.5,1.7,11.5,18.8,7.0,10.7,0.649,0.32,2.402565975104279,2.429705477630341,1.3054824924995665,0.823894269659599,0.9457608992470452,2.320319452868222,-1.4349243535997271,-1.8787234026009572,2.0214320599420232,6.541807971043147,11
202331,Paul George,LAC,2023-24,74,33.8,22.6,5.2,3.5,1.5,0.5,2.1,0.471,0.907,0.413,3.3,7.9,7.9,16.7,3.6,3.9,0.613,0.264,1.05539800941841,-0.0829021603396555,-0.1553885280259331,1.7443117173546323,-0.2467687824481662,-0.1419877806826909,1.6410597231060966,1.4514176615592762,0.3382389017175393,6.243528510552797,12
1627832,Fred VanVleet,HOU,2023-24,73,36.8,17.4,3.8,8.1,1.4,0.8,1.7,0.416,0.86,0.387,3.1,8.0,5.8,13.9,2.7,3.1,0.568,0.194,0.1572860322944965,-0.6412594132218772,2.0846137034464993,1.437505901456288,0.3494960583994395,-1.109322765291978,1.4213465747699667,0.8253511414971518,-0.179666685428456,5.909363360550934,13
204001,Kristaps Porziņģis,BOS,2023-24,57,29.6,20.1,7.2,2.0,0.7,1.9,1.6,0.516,0.858,0.375,1.9,5.1,6.8,13.2,4.5,5.3,0.647,0.247,0.6236134050319134,0.714751058063518,-0.8858240382886828,-0.7101348098321233,2.5358004748406597,0.6494681158158173,0.1030676847531847,0.7987100129838699,-0.3091430822149547,5.638742834446413,14
1628374,Lauri Markkanen,UTA,2023-24,55,33.1,23.2,8.2,2.0,0.9,0.5,1.4,0.48,0.899,0.399,3.2,8.0,7.8,16.2,4.5,5.0,0.631,0.241,1.159026314471169,1.1135776672651043,-0.8858240382886828,-0.0965231780354341,-0.2467687824481662,0.0163033986170107,1.531203148938032,1.3448531475061487,-0.5680958757879525,5.591041615371772,15
1628369,Jayson Tatum,BOS,2023-24,74,35.7,26.9,8.1,4.9,1.0,0.6,2.5,0.471,0.833,0.376,3.1,8.2,9.1,19.3,5.6,6.7,0.604,0.296,1.798067528963184,1.0736950063449455,0.5263512815526336,0.2102826378629102,-0.0480138354989644,-0.1419877806826909,1.4213465747699667,0.4656959065678462,0.8561444888635343,5.545632199341365,16
1628368,De'Aaron Fox,SAC,2023-24,74,35.9,26.6,4.6,5.6,2.0,0.4,2.6,0.465,0.738,0.369,2.9,7.8,9.7,20.9,4.2,5.7,0.567,0.3,1.746253376436805,-0.3221981258606078,0.8672211863419164,3.278340796846355,-0.4455237293973681,-0.2475152335491577,1.2016334264338362,-0.7997576978130421,0.9856208856500333,5.451417782371265,17
1630567,Scottie Barnes,TOR,2023-24,60,34.9,19.9,8.2,6.1,1.3,1.5,2.8,0.475,0.781,0.341,1.7,4.9,7.5,15.7,3.3,4.2,0.566,0.24,0.5890706366809932,1.1135776672651043,1.110699689762833,1.1307000855579437,1.7407806870438527,-0.0716361454383791,-0.1166454635829455,-0.2269734347774814,1.2445736792230304,5.419549255139384,18
201142,Kevin Durant,PHX,2023-24,75,37.2,27.1,6.6,5.0,0.9,1.2,3.3,0.523,0.856,0.413,2.2,5.4,10.0,19.1,4.8,5.6,0.626,0.283,1.832610297314104,0.4754550925425657,0.5750469822368167,-0.0965231780354341,1.1445158461962468,0.7725834774933631,0.4326374072573804,0.7720688844705881,1.8919556631555243,5.299075455354823,19
2544,LeBron James,LAL,2023-24,71,35.3,25.7,7.3,8.3,1.3,0.5,3.5,0.54,0.75,0.41,2.1,5.1,9.6,17.9,4.3,5.7,0.63,0.285,1.5908109188576656,0.7546337189836765,2.1820051048148668,1.1307000855579437,-0.2467687824481662,1.0715779272816883,0.3227808330893152,-0.6399109267333507,2.1509084567285224,5.1760274993752535,20
1630163,LaMelo Ball,CHA,2023-24,22,32.3,23.9,5.1,8.0,1.8,0.2,3.8,0.433,0.865,0.355,3.2,9.0,8.3,19.2,4.1,4.7,0.561,0.315,1.2799260036993878,-0.1227848212598144,2.0359180027623163,2.664729165049666,-0.8430336232957719,-0.8103283155036526,1.531203148938032,0.8919539627803565,2.5393376470880185,5.097846055568258,21
1631096,Chet Holmgren,OKC,2023-24,82,29.4,16.5,7.9,2.4,0.6,2.3,1.6,0.53,0.793,0.37,1.6,4.3,6.2,11.6,2.7,3.4,0.632,0.21,0.0018435747153579,0.9939296845046288,-0.6910412355519496,-1.0169406257304676,3.330820262637467,0.8956988391709089,-0.2265020377510105,-0.06712666369779,-0.3091430822149547,5.047364897467932,22
1628401,Derrick White,BOS,2023-24,73,32.6,15.2,4.2,5.2,1.0,1.2,1.5,0.461,0.901,0.396,2.7,6.8,5.3,11.5,1.9,2.1,0.611,0.183,-0.2226844195656204,-0.4817287695412423,0.6724383836051834,0.2102826378629102,1.1445158461962468,-0.3178668687934696,0.9819202780977062,1.3714942760194306,-0.4386194790014535,4.947256084151603,23
201939,Stephen Curry,GSW,2023-24,74,32.7,26.4,4.5,5.1,0.7,0.4,2.8,0.45,0.923,0.408,4.8,11.8,8.8,19.5,4.0,4.4,0.616,0.302,1.7117106080858846,-0.3620807867807664,0.6237426829209998,-0.7101348098321233,-0.4455237293973681,-0.5113338657153272,3.288908335627074,1.6645466896655314,1.2445736792230304,4.885359806766552,24
1630178,Tyrese Maxey,PHI,2023-24,70,37.5,25.9,3.7,6.2,1.0,0.5,1.7,0.45,0.868,0.373,3.0,8.1,9.1,20.3,4.7,5.4,0.573,0.273,1.6253536872085852,-0.6811420741420358,1.159395390447017,0.2102826378629102,-0.2467687824481662,-0.5113338657153272,1.3114900006019017,0.9319156555502792,-0.179666685428456,4.811958726148313,25
203497,Rudy Gobert,MIN,2023-24,76,34.1,14.0,12.9,1.3,0.7,2.1,1.6,0.661,0.638,0.0,0.0,0.0,5.3,8.1,3.3,5.1,0.675,0.152,-0.4299410296711387,2.9880627305125627,-1.2266939430779662,-0.7101348098321233,2.933310368739064,3.19971489342212,-1.984207224440053,-2.131814123477135,-0.3091430822149547,4.558909175113578,26
1627734,Domantas Sabonis,SAC,2023-24,82,35.7,19.4,13.7,8.2,0.9,0.6,3.3,0.594,0.704,0.379,0.4,1.1,7.7,13.0,3.6,5.1,0.637,0.22,0.5027137158036938,3.3071240178738317,2.1333094041306824,-0.0965231780354341,-0.0480138354989644,2.0213250030798964,-1.5447809277677924,-1.2526568825388342,1.8919556631555243,4.164961146576934,27
1626164,Devin Booker,PHX,2023-24,68,36.0,27.1,4.5,6.9,0.9,0.4,2.6,0.492,0.886,0.364,2.2,6.1,9.4,19.2,6.0,6.7,0.611,0.289,1.832610297314104,-0.3620807867807664,1.5002652952362998,-0.0965231780354341,-0.4455237293973681,0.2273583043499462,0.4326374072573804,1.1716858121698164,0.9856208856500333,3.9693840977385246,28
1627750,Jamal Murray,DEN,2023-24,59,31.5,21.2,4.1,6.5,1.0,0.7,2.1,0.481,0.853,0.425,2.5,5.8,8.0,16.7,2.7,3.1,0.586,0.273,0.8135986309619716,-0.5216114304614012,1.3054824924995665,0.2102826378629102,0.1507411114502374,0.0338913074280886,0.7622071297615757,0.7321071917006652,0.3382389017175393,3.9566702245046685,29
201935,James Harden,LAC,2023-24,72,34.3,16.6,5.1,8.5,1.1,0.8,2.6,0.428,0.878,0.381,2.6,6.8,4.9,11.4,4.2,4.8,0.612,0.202,0.019114958890818,-0.1227848212598144,2.279396506183233,0.5170884537612549,0.3494960583994395,-0.8982678595590424,0.8720637039296409,1.0651212981166889,0.9856208856500333,3.893574603309858,30
1630217,Desmond Bane,MEM,2023-24,42,34.4,23.7,4.4,5.5,1.0,0.5,2.7,0.464,0.87,0.381,3.3,8.6,8.6,18.5,3.3,3.8,0.589,0.273,1.2453832353484684,-0.4019634477009249,0.8185254856577333,0.2102826378629102,-0.2467687824481662,-0.2651031423602357,1.6410597231060966,0.9585567840635612,1.1150972824365322,3.5106341137338504,31
203081,Damian Lillard,MIL,2023-24,73,35.3,24.3,4.4,7.0,1.0,0.2,2.6,0.424,0.92,0.354,3.0,8.5,7.4,17.5,6.5,7.0,0.59,0.274,1.3490115404012275,-0.4019634477009249,1.548960995920483,0.2102826378629102,-0.8430336232957719,-0.9686194948033542,1.3114900006019017,1.6245849968956083,0.9856208856500333,3.288630853133082,32
1628973,Jalen Brunson,NYK,2023-24,77,35.4,28.7,3.6,6.7,0.9,0.2,2.4,0.479,0.847,0.401,2.7,6.8,10.3,21.4,5.5,6.5,0.592,0.311,2.1089524441214618,-0.7210247350621944,1.4028738938679333,-0.0965231780354341,-0.8430336232957719,-0.0012845101940672,0.9819202780977062,0.6521838061608195,0.7266680920770354,3.210815643767176,33
203468,CJ McCollum,NOP,2023-24,66,32.7,20.0,4.3,4.6,0.9,0.6,1.7,0.459,0.827,0.429,3.6,8.4,7.3,16.0,1.7,2.1,0.592,0.244,0.6063420208564533,-0.4418461086210838,0.3802641795000832,-0.0965231780354341,-0.0480138354989644,-0.3530426864156255,1.9706294456102924,0.3857725210280006,-0.179666685428456,3.1900508452956573,34
1627749,Dejounte Murray,ATL,2023-24,78,35.7,22.5,5.3,6.4,1.4,0.3,2.6,0.459,0.794,0.363,2.6,7.1,8.6,18.8,2.7,3.4,0.555,0.259,1.03812662524295,-0.043019499419497,1.2567867918153832,1.437505901456288,-0.6442786763465701,-0.3530426864156255,0.8720637039296409,-0.0538060994411491,0.9856208856500333,3.092049792980868,35
201572,Brook Lopez,MIL,2023-24,79,30.5,12.5,5.2,1.6,0.5,2.4,1.0,0.485,0.821,0.366,1.9,5.1,4.6,9.6,1.4,1.7,0.608,0.156,-0.6890117923030368,-0.0829021603396555,-1.0806068410254162,-1.323746441628812,3.5295752095866693,0.1042429426724005,0.1030676847531847,0.3058491354881549,-1.0860014629339476,2.998114046098582,36
1628386,Jarrett Allen,CLE,2023-24,77,31.7,16.5,10.5,2.7,0.7,1.1,1.6,0.634,0.742,0.0,0.0,0.1,6.7,10.6,3.0,4.1,0.664,0.191,0.0018435747153579,2.030878868428754,-0.5449541334993996,-0.7101348098321233,0.9457608992470452,2.724841355523015,-1.984207224440053,-0.7464754407864782,-0.3091430822149547,2.9572298078261827,37
1630162,Anthony Edwards,MIN,2023-24,79,35.1,25.9,5.4,5.1,1.3,0.5,3.1,0.461,0.836,0.357,2.4,6.7,9.1,19.7,5.4,6.4,0.575,0.314,1.6253536872085852,-0.0031368384993381,0.6237426829209998,1.1307000855579437,-0.2467687824481662,-0.3178668687934696,0.6523505555935104,0.5056575993377691,1.6330028695825272,2.902041683355802,38
1629027,Trae Young,ATL,2023-24,54,36.0,25.7,2.8,10.8,1.3,0.2,4.4,0.43,0.855,0.373,3.2,8.7,8.0,18.7,6.4,7.5,0.585,0.289,1.5908109188576656,-1.040086022423464,3.3993976219194497,1.1307000855579437,-0.8430336232957719,-0.8630920419368865,1.531203148938032,0.7587483202139471,3.316196027807012,2.7829408334793992,39
1630596,Evan Mobley,CLE,2023-24,50,30.6,15.7,9.4,3.2,0.9,1.4,1.8,0.58,0.719,0.373,0.4,1.2,6.4,11.0,2.5,3.4,0.626,0.2,-0.136327498688321,1.592169598307009,-0.301475630078483,-0.0965231780354341,1.5420257400946504,1.775094279724805,-1.5447809277677924,-1.05284841868922,-0.0501902886419571,2.7539100787817747,40
202710,Jimmy Butler III,MIA,2023-24,60,34.0,20.8,5.3,5.0,1.3,0.3,1.7,0.499,0.858,0.414,1.0,2.4,6.6,13.2,6.6,7.7,0.626,0.235,0.7445130942601323,-0.043019499419497,0.5750469822368167,1.1307000855579437,-0.6442786763465701,0.3504736660274919,-0.8856414827594015,0.7987100129838699,-0.179666685428456,2.690267618268684,41
1628991,Jaren Jackson Jr.,MEM,2023-24,66,32.2,22.5,5.5,2.3,1.2,1.6,2.4,0.444,0.808,0.32,1.8,5.5,7.8,17.6,5.1,6.3,0.553,0.302,1.03812662524295,0.0367458224208203,-0.739736936236133,0.823894269659599,1.9395356339930547,-0.6168613185817949,-0.0067888894148802,0.1326818001518241,0.7266680920770354,2.647844390242548,42
1629028,Deandre Ayton,POR,2023-24,55,32.4,16.7,11.1,1.6,1.0,0.8,1.8,0.57,0.823,0.1,0.0,0.2,7.8,13.6,1.2,1.4,0.587,0.211,0.0363863430662775,2.270174833949706,-1.0806068410254162,0.2102826378629102,0.3494960583994395,1.5992151916140254,-1.984207224440053,0.3324902640014368,-0.0501902886419571,2.491212171740868,43
202699,Tobias Harris,PHI,2023-24,70,33.8,17.2,6.5,3.1,1.0,0.7,1.3,0.487,0.878,0.353,1.3,3.7,6.6,13.6,2.7,3.0,0.576,0.203,0.1227432639435769,0.4355724316224071,-0.3501713307626663,0.2102826378629102,0.1507411114502374,0.1394187602945564,-0.556071760255206,1.0651212981166889,-0.6975722725744511,2.4216640763219877,44
1631114,Jalen Williams,OKC,2023-24,71,31.3,19.1,4.0,4.5,1.1,0.6,1.7,0.54,0.814,0.427,1.5,3.4,7.5,14.0,2.5,3.1,0.621,0.232,0.4508995632773148,-0.5614940913815598,0.3315684788159,0.5170884537612549,-0.0480138354989644,1.0715779272816883,-0.3363586119190758,0.2126051856916683,-0.179666685428456,2.3852553501556755,45
201942,DeMar DeRozan,CHI,2023-24,79,37.8,24.0,4.3,5.3,1.1,0.6,1.7,0.48,0.853,0.333,0.9,2.8,8.2,17.2,6.6,7.7,0.584,0.252,1.297197387874848,-0.4418461086210838,0.7211340842893665,0.5170884537612549,-0.0480138354989644,0.0163033986170107,-0.9954980569274666,0.7321071917006652,-0.179666685428456,2.3794093735981305,46
1628392,Isaiah Hartenstein,NYK,2023-24,75,25.3,7.8,8.3,2.5,1.2,1.1,1.2,0.644,0.707,0.333,0.0,0.0,3.1,4.9,1.5,2.1,0.67,0.116,-1.5007668485496504,1.1534603281852636,-0.6423455348677662,0.823894269659599,0.9457608992470452,2.9007204436337948,-1.984207224440053,-1.212695189768911,-0.82704866936095,2.244671794756262,47
202696,Nikola Vučević,CHI,2023-24,76,34.3,18.0,10.5,3.3,0.7,0.8,1.6,0.484,0.822,0.294,1.2,4.1,7.7,15.9,1.4,1.7,0.54,0.233,0.260914337347256,2.030878868428754,-0.2527799293942998,-0.7101348098321233,0.3494960583994395,0.0866550338613225,-0.6659283344232713,0.3191696997447958,-0.3091430822149547,2.1716093701845605,48
1626167,Myles Turner,IND,2023-24,77,27.0,17.1,6.9,1.3,0.5,1.9,1.4,0.524,0.773,0.358,1.5,4.2,6.2,11.8,3.2,4.1,0.626,0.234,0.1054718797681174,0.595103075303042,-1.2266939430779662,-1.323746441628812,2.5358004748406597,0.7901713863044411,-0.3363586119190758,-0.3335379488306089,-0.5680958757879525,2.1565477338226353,49
1626157,Karl-Anthony Towns,MIN,2023-24,62,32.7,21.8,8.3,3.0,0.7,0.7,2.9,0.504,0.873,0.416,2.2,5.3,7.7,15.3,4.1,4.7,0.625,0.268,0.917226936014731,1.1534603281852636,-0.3988670314468497,-0.7101348098321233,0.1507411114502374,0.4384132100828818,0.4326374072573804,0.998518476833484,1.374050076009529,2.0827849787622843,50
203992,Bogdan Bogdanović,ATL,2023-24,79,30.4,16.9,3.4,3.1,1.2,0.3,1.4,0.428,0.921,0.374,3.0,8.1,6.0,13.9,1.9,2.1,0.569,0.218,0.0709291114171972,-0.8007900569025118,-0.3501713307626663,0.823894269659599,-0.6442786763465701,-0.8982678595590424,1.3114900006019017,1.6379055611522495,-0.5680958757879525,2.002292399476637,51
1630552,Jalen Johnson,ATL,2023-24,56,33.7,16.0,8.7,3.6,1.2,0.8,1.8,0.511,0.728,0.355,1.3,3.6,6.4,12.5,1.9,2.6,0.584,0.184,-0.0845133461619413,1.312990971865898,-0.1066928273417497,0.823894269659599,0.3494960583994395,0.5615285717604276,-0.556071760255206,-0.9329633403794516,-0.0501902886419571,1.967024074483601,52
1628389,Bam Adebayo,MIA,2023-24,71,34.0,19.3,10.4,3.9,1.1,0.9,2.3,0.521,0.755,0.357,0.2,0.6,7.5,14.3,4.1,5.5,0.576,0.247,0.4854423316282343,1.9909962075085956,0.0393942747108001,0.5170884537612549,0.5482510053486414,0.7374076598712072,-1.7644940761039227,-0.573308105450146,0.5971916952905365,1.9185280722140072,53
201144,Mike Conley,MIN,2023-24,76,28.9,11.4,2.9,5.9,1.2,0.2,1.3,0.457,0.911,0.442,2.4,5.3,3.9,8.5,1.3,1.5,0.627,0.157,-0.8789970182330952,-1.0002033615033052,1.0133082883944666,0.823894269659599,-0.8430336232957719,-0.3882185040377814,0.6523505555935104,1.50469991858584,-0.6975722725744511,1.8668819835657653,54
1628960,Grayson Allen,PHX,2023-24,75,33.5,13.5,3.9,3.0,0.9,0.6,1.3,0.499,0.878,0.461,2.7,5.9,4.5,9.1,1.7,2.0,0.679,0.143,-0.5162979505484381,-0.6013767523017185,-0.3988670314468497,-0.0965231780354341,-0.0480138354989644,0.3504736660274919,0.9819202780977062,1.0651212981166889,-0.6975722725744511,1.8639529240905828,55
1630529,Herbert Jones,NOP,2023-24,76,30.5,11.0,3.6,2.6,1.4,0.8,1.2,0.498,0.867,0.418,1.5,3.6,3.9,7.7,1.8,2.1,0.636,0.141,-0.9480825549349348,-0.7210247350621944,-0.593649834183583,1.437505901456288,0.3494960583994395,0.332885757216414,-0.3363586119190758,0.9185950912936384,-0.82704866936095,1.8038338792861124,56
1627936,Alex Caruso,CHI,2023-24,71,28.7,10.1,3.8,3.5,1.7,1.0,1.4,0.468,0.76,0.408,1.9,4.7,3.6,7.6,1.0,1.4,0.613,0.146,-1.1035250125140736,-0.6412594132218772,-0.1553885280259331,2.357923349151321,0.7470059522978432,-0.1947515071159238,0.1030676847531847,-0.5067052841669413,-0.5680958757879525,1.7774295095170844,57
1626179,Terry Rozier,MIA,2023-24,61,33.4,19.8,4.0,5.6,1.0,0.3,1.7,0.443,0.869,0.363,2.4,6.7,7.2,16.4,2.8,3.2,0.555,0.253,0.5717992525055338,-0.5614940913815598,0.8672211863419164,0.2102826378629102,-0.6442786763465701,-0.6344492273928729,0.6523505555935104,0.9452362198069204,-0.179666685428456,1.7748803265608823,58
1631099,Keegan Murray,SAC,2023-24,77,33.6,15.2,5.5,1.7,1.0,0.8,0.8,0.454,0.831,0.358,2.4,6.6,5.8,12.7,1.3,1.6,0.569,0.178,-0.2226844195656204,0.0367458224208203,-1.0319111403412329,0.2102826378629102,0.3494960583994395,-0.4409822304710153,0.6523505555935104,0.4390547780545644,-1.344954256506945,1.6969156671245815,59
1628970,Miles Bridges,CHA,2023-24,69,37.4,21.0,7.3,3.3,0.9,0.5,2.0,0.462,0.825,0.349,2.3,6.5,8.1,17.5,2.5,3.1,0.556,0.242,0.779055862611052,0.7546337189836765,-0.2527799293942998,-0.0965231780354341,-0.2467687824481662,-0.3002789599823916,0.5424939814254452,0.3591313925147187,0.2087625049310404,1.5746697759538917,60
1630578,Alperen Sengun,HOU,2023-24,63,32.5,21.1,9.3,5.0,1.2,0.7,2.6,0.537,0.693,0.297,0.5,1.8,8.4,15.6,3.9,5.6,0.585,0.27,0.7963272467865121,1.5522869373868504,0.5750469822368167,0.823894269659599,0.1507411114502374,1.0188142008484546,-1.4349243535997271,-1.3991830893618846,0.9856208856500333,1.5387631703554667,61
201143,Al Horford,BOS,2023-24,65,26.8,8.6,6.4,2.6,0.6,1.0,0.7,0.511,0.867,0.419,1.7,4.0,3.3,6.4,0.4,0.5,0.65,0.119,-1.3625957751459716,0.3956897707022486,-0.593649834183583,-1.0169406257304676,0.7470059522978432,0.5615285717604276,-0.1166454635829455,0.9185950912936384,-1.474430653293444,1.4313807269725525,62
1626156,D'Angelo Russell,LAL,2023-24,76,32.7,18.0,3.1,6.3,0.9,0.5,2.1,0.456,0.828,0.415,3.0,7.2,6.5,14.2,2.1,2.5,0.588,0.222,0.260914337347256,-0.920438039662988,1.2080910911311995,-0.0965231780354341,-0.2467687824481662,-0.4058064128488594,1.3114900006019017,0.3990930852846415,0.3382389017175393,1.3791140364244767,63
1629008,Michael Porter Jr.,DEN,2023-24,81,31.7,16.7,7.0,1.5,0.5,0.7,1.1,0.484,0.836,0.397,2.7,6.8,6.4,13.3,1.1,1.4,0.601,0.202,0.0363863430662775,0.6349857362232005,-1.1293025417095994,-1.323746441628812,0.1507411114502374,0.0866550338613225,0.9819202780977062,0.5056575993377691,-0.9565250661474486,1.09529716230751,64
201950,Jrue Holiday,BOS,2023-24,69,32.8,12.5,5.4,4.8,0.9,0.8,1.8,0.48,0.833,0.429,2.0,4.7,4.8,10.0,0.9,1.0,0.597,0.161,-0.6890117923030368,-0.0031368384993381,0.4776555808684499,-0.0965231780354341,0.3494960583994395,0.0163033986170107,0.2129242589212499,0.4656959065678462,-0.0501902886419571,1.0775644634206547,65
1630530,Trey Murphy III,NOP,2023-24,57,29.7,14.8,4.9,2.2,0.9,0.5,0.6,0.443,0.815,0.38,3.0,7.8,4.8,10.9,2.2,2.6,0.612,0.182,-0.2917699562674596,-0.2025501431001315,-0.7884326369203162,-0.0965231780354341,-0.2467687824481662,-0.6344492273928729,1.3114900006019017,0.2259257499483092,-1.6039070500799426,0.9850937375285669,66
1629651,Nic Claxton,BKN,2023-24,71,29.8,11.8,9.9,2.1,0.6,2.1,1.3,0.629,0.551,0.2,0.0,0.1,5.2,8.2,1.5,2.8,0.629,0.156,-0.8099114815312557,1.7915829029078023,-0.8371283376044996,-1.0169406257304676,2.933310368739064,2.636901811467625,-1.984207224440053,-3.2907032138048957,-0.6975722725744511,0.9064506142481579,67
1626145,Tyus Jones,WAS,2023-24,66,29.3,12.0,2.7,7.3,1.1,0.3,1.0,0.489,0.8,0.414,1.6,3.9,4.9,10.1,0.5,0.6,0.578,0.161,-0.7753687131803361,-1.0799686833436224,1.695048097973033,0.5170884537612549,-0.6442786763465701,0.1745945779167123,-0.2265020377510105,0.0261172860986965,-1.0860014629339476,0.8742541914517274,68
1630170,Devin Vassell,SAS,2023-24,68,33.1,19.5,3.8,4.1,1.1,0.3,1.6,0.472,0.801,0.372,2.4,6.6,7.3,15.5,2.4,3.0,0.578,0.229,0.519985099979154,-0.6412594132218772,0.1367856760791666,0.5170884537612549,-0.6442786763465701,-0.124399871871613,0.6523505555935104,0.0394378503553375,-0.3091430822149547,0.8362455763995605,69
1631105,Jalen Duren,DET,2023-24,61,29.1,13.8,11.6,2.4,0.5,0.8,2.1,0.619,0.79,0.0,0.0,0.1,5.7,9.2,2.3,3.0,0.653,0.181,-0.4644837980220583,2.4695881385504994,-0.6910412355519496,-1.323746441628812,0.3494960583994395,2.461022723356846,-1.984207224440053,-0.1070883564677128,0.3382389017175393,0.764479673991414,70
1630532,Franz Wagner,ORL,2023-24,72,32.5,19.7,5.3,3.7,1.1,0.4,1.9,0.482,0.85,0.281,1.3,4.6,7.3,15.2,3.8,4.4,0.575,0.25,0.5545278683300736,-0.043019499419497,-0.0579971266575663,0.5170884537612549,-0.4455237293973681,0.0514792162391666,-0.556071760255206,0.6921454989307424,0.0792861081445414,0.7133473424799035,71
203078,Bradley Beal,PHX,2023-24,53,33.3,18.2,4.4,5.0,1.0,0.5,2.5,0.513,0.813,0.43,1.9,4.4,7.1,13.9,2.1,2.5,0.607,0.224,0.2954571056981755,-0.4019634477009249,0.5750469822368167,0.2102826378629102,-0.2467687824481662,0.5967043893825835,0.1030676847531847,0.1992846214350273,0.8561444888635343,0.6467388690633802,72
1628978,Donte DiVincenzo,NYK,2023-24,81,29.1,15.5,3.7,2.7,1.3,0.4,1.4,0.443,0.754,0.401,3.5,8.7,5.5,12.4,1.1,1.4,0.597,0.209,-0.1708702670392407,-0.6811420741420358,-0.5449541334993996,1.1307000855579437,-0.4455237293973681,-0.6344492273928729,1.8607728714422271,-0.586628669706787,-0.5680958757879525,0.5890545770861001,73
202691,Klay Thompson,GSW,2023-24,77,29.7,17.9,3.3,2.3,0.6,0.5,1.5,0.432,0.927,0.387,3.5,9.0,6.4,14.7,1.6,1.8,0.576,0.234,0.2436429531717958,-0.8406727178226706,-0.739736936236133,-1.0169406257304676,-0.2467687824481662,-0.8279162243147306,1.8607728714422271,1.717828946692095,-0.4386194790014535,0.555021726686056,74
1627759,Jaylen Brown,BOS,2023-24,70,33.5,23.0,5.5,3.6,1.2,0.5,2.4,0.499,0.703,0.354,2.1,5.9,9.0,17.9,3.0,4.3,0.58,0.283,1.1244835461202494,0.0367458224208203,-0.1066928273417497,0.823894269659599,-0.2467687824481662,0.3504736660274919,0.3227808330893152,-1.2659774467954752,0.7266680920770354,0.419745391501284,75
1630595,Cade Cunningham,DET,2023-24,62,33.5,22.7,4.3,7.5,0.9,0.4,3.4,0.449,0.869,0.355,1.9,5.4,8.5,18.8,3.8,4.4,0.546,0.298,1.0726693935938696,-0.4418461086210838,1.7924394993413997,-0.0965231780354341,-0.4455237293973681,-0.5289217745264052,0.1030676847531847,0.9452362198069204,2.0214320599420232,0.3096998347964708,76
1628381,John Collins,UTA,2023-24,68,28.0,15.1,8.5,1.1,0.6,0.9,1.4,0.532,0.795,0.371,1.3,3.4,5.8,11.0,2.2,2.7,0.621,0.199,-0.2399558037410802,1.2332256500255807,-1.3240853444463327,-1.0169406257304676,0.5482510053486414,0.9308746567930648,-0.556071760255206,-0.0404855351845081,-0.5680958757879525,0.28263998908272786,77
1630168,Onyeka Okongwu,ATL,2023-24,55,25.5,10.2,6.8,1.3,0.5,1.1,0.8,0.611,0.793,0.333,0.4,1.3,4.1,6.6,1.7,2.1,0.674,0.134,-1.0862536283386135,0.5552204143828832,-1.2266939430779662,-1.323746441628812,0.9457608992470452,2.320319452868222,-1.5447809277677924,-0.06712666369779,-1.344954256506945,0.252130442591159,78
1628384,OG Anunoby,NYK,2023-24,50,34.0,14.7,4.2,2.1,1.4,0.7,1.6,0.489,0.753,0.382,2.0,5.3,5.6,11.5,1.3,1.8,0.595,0.173,-0.3090413404429197,-0.4817287695412423,-0.8371283376044996,1.437505901456288,0.1507411114502374,0.1745945779167123,0.2129242589212499,-0.5999492339634278,-0.3091430822149547,0.23593487121855822,79
1629639,Tyler Herro,MIA,2023-24,42,33.5,20.8,5.3,4.5,0.7,0.1,2.2,0.441,0.856,0.396,3.1,7.9,7.7,17.5,2.3,2.6,0.558,0.268,0.7445130942601323,-0.043019499419497,0.3315684788159,-0.7101348098321233,-1.0417885702449738,-0.6696250450150288,1.4213465747699667,0.7720688844705881,0.4677152985040382,0.1258902010109374,80
1627783,Pascal Siakam,IND,2023-24,80,33.2,21.7,7.1,4.3,0.8,0.3,1.8,0.536,0.732,0.346,1.1,3.1,8.5,15.9,3.6,5.0,0.601,0.25,0.8999555518392709,0.6748683971433591,0.2341770774475333,-0.4033289939337786,-0.6442786763465701,1.001226292037377,-0.7757849085913363,-0.8796810833528877,-0.0501902886419571,0.10894325128455093,81
1630208,Nick Richards,CHA,2023-24,67,26.2,9.7,8.0,0.8,0.4,1.1,1.1,0.691,0.737,0.0,0.0,0.0,3.9,5.6,2.0,2.7,0.717,0.131,-1.1726105492159131,1.0338123454247874,-1.4701724464988828,-1.6305522575271565,0.9457608992470452,3.727352157754457,-1.984207224440053,-0.8130782620696829,-0.9565250661474486,0.015012127416623944,82
1628969,Mikal Bridges,BKN,2023-24,82,34.8,19.6,4.5,3.6,1.0,0.4,2.0,0.436,0.814,0.372,2.7,7.2,6.9,15.8,3.1,3.9,0.56,0.238,0.5372564841546141,-0.3620807867807664,-0.1066928273417497,0.2102826378629102,-0.4455237293973681,-0.7575645890704187,0.9819202780977062,0.2126051856916683,0.2087625049310404,-0.07597197278464274,83
203484,Kentavious Caldwell-Pope,DEN,2023-24,76,31.6,10.1,2.4,2.4,1.3,0.6,1.0,0.46,0.894,0.406,1.6,4.1,3.6,7.7,1.3,1.5,0.602,0.126,-1.1035250125140736,-1.1996166661040986,-0.6910412355519496,1.1307000855579437,-0.0480138354989644,-0.3354547776045475,-0.2265020377510105,1.278250326222944,-1.0860014629339476,-0.09557203658644076,84
1627742,Brandon Ingram,NOP,2023-24,64,32.9,20.8,5.1,5.7,0.8,0.6,2.5,0.492,0.801,0.355,1.3,3.8,7.8,15.9,3.8,4.8,0.578,0.269,0.7445130942601323,-0.1227848212598144,0.9159168870261,-0.4033289939337786,-0.0480138354989644,0.2273583043499462,-0.556071760255206,0.0394378503553375,0.8561444888635343,-0.1264705838578537,85
1627826,Ivica Zubac,LAC,2023-24,68,26.4,11.7,9.2,1.4,0.3,1.2,1.2,0.649,0.723,0.0,0.0,0.0,5.0,7.6,1.8,2.4,0.671,0.165,-0.8271828657067157,1.5124042764666912,-1.177998242393783,-1.9373580734255011,1.1445158461962468,2.9886599876891844,-1.984207224440053,-0.9995661616626562,-0.82704866936095,-0.13719148100964373,86
203897,Zach LaVine,CHI,2023-24,25,34.9,19.5,5.2,3.9,0.8,0.3,2.1,0.452,0.854,0.349,2.4,6.8,6.8,15.0,3.5,4.1,0.578,0.238,0.519985099979154,-0.0829021603396555,0.0393942747108001,-0.4033289939337786,-0.6442786763465701,-0.4761580480931713,0.6523505555935104,0.7454277559573061,0.3382389017175393,-0.1803424325424281,87
1629627,Zion Williamson,NOP,2023-24,70,31.5,22.9,5.8,5.0,1.1,0.7,2.8,0.57,0.702,0.333,0.1,0.3,8.9,15.6,5.0,7.1,0.61,0.285,1.1072121619447892,0.1563938051812963,0.5750469822368167,0.5170884537612549,0.1507411114502374,1.5992151916140254,-1.874350650271988,-1.2792980110521162,1.2445736792230304,-0.1926419848377483,88
1629014,Anfernee Simons,POR,2023-24,46,34.4,22.6,3.6,5.5,0.5,0.1,2.7,0.43,0.916,0.385,3.4,8.8,7.8,18.2,3.5,3.9,0.568,0.276,1.05539800941841,-0.7210247350621944,0.8185254856577333,-1.323746441628812,-1.0417885702449738,-0.8630920419368865,1.750916297274162,1.571302739869045,1.1150972824365322,-0.1966737493695614,89
1630559,Austin Reaves,LAL,2023-24,82,32.1,15.9,4.3,5.5,0.8,0.3,2.1,0.486,0.853,0.367,1.9,5.1,5.6,11.5,2.8,3.3,0.613,0.198,-0.1017847303374011,-0.4418461086210838,0.8185254856577333,-0.4033289939337786,-0.6442786763465701,0.1218308514834784,0.1030676847531847,0.7321071917006652,0.3382389017175393,-0.31067951107125436,90
1631095,Jabari Smith Jr.,HOU,2023-24,76,31.9,13.7,8.1,1.6,0.7,0.8,1.2,0.454,0.811,0.363,1.8,5.0,5.0,11.0,2.0,2.4,0.571,0.174,-0.4817551821975184,1.0736950063449455,-1.0806068410254162,-0.7101348098321233,0.3494960583994395,-0.4409822304710153,-0.0067888894148802,0.1726434929217469,-0.82704866936095,-0.38854211715349285,91
1629001,De'Anthony Melton,PHI,2023-24,38,26.9,11.1,3.7,3.0,1.6,0.4,1.0,0.386,0.835,0.36,2.0,5.6,3.7,9.5,1.7,2.1,0.533,0.177,-0.930811170759475,-0.6811420741420358,-0.3988670314468497,2.0511175332529774,-0.4455237293973681,-1.636960029624316,0.2129242589212499,0.4923370350811282,-1.0860014629339476,-0.43840721557470674,92
1627751,Jakob Poeltl,TOR,2023-24,50,26.4,11.1,8.6,2.5,0.7,1.5,1.5,0.656,0.551,0.0,0.0,0.0,5.0,7.6,1.2,2.1,0.653,0.16,-0.930811170759475,1.2731083109457393,-0.6423455348677662,-0.7101348098321233,1.7407806870438527,3.1117753493667304,-1.984207224440053,-3.2907032138048957,-0.4386194790014535,-0.6083660347620172,93
203991,Clint Capela,ATL,2023-24,73,25.8,11.5,10.6,1.2,0.6,1.5,1.0,0.571,0.631,0.0,0.0,0.0,4.8,8.5,1.8,2.8,0.59,0.167,-0.8617256340576354,2.0707615293489128,-1.2753896437621492,-1.0169406257304676,1.7407806870438527,1.6168031004251031,-1.984207224440053,-2.2250580732736216,-1.0860014629339476,-0.6418686628105701,94
1629632,Coby White,CHI,2023-24,79,36.5,19.1,4.5,5.1,0.7,0.2,2.1,0.447,0.838,0.376,2.6,7.0,6.8,15.3,2.8,3.3,0.57,0.224,0.4508995632773148,-0.3620807867807664,0.6237426829209998,-0.7101348098321233,-0.8430336232957719,-0.5640975921485611,0.8720637039296409,0.532298727851051,0.3382389017175393,-0.6881286551343798,95
203114,Khris Middleton,MIL,2023-24,55,27.0,15.1,4.7,5.3,0.9,0.3,2.3,0.493,0.833,0.381,1.7,4.5,5.8,11.7,1.8,2.2,0.595,0.23,-0.2399558037410802,-0.2823154649404489,0.7211340842893665,-0.0965231780354341,-0.6442786763465701,0.2449462131610242,-0.1166454635829455,0.4656959065678462,0.5971916952905365,-0.7511493094734897,96
1641706,Brandon Miller,CHA,2023-24,74,32.2,17.3,4.3,2.4,0.9,0.6,1.8,0.44,0.827,0.373,2.5,6.7,6.4,14.6,1.9,2.3,0.552,0.235,0.140014648119037,-0.4418461086210838,-0.6910412355519496,-0.0965231780354341,-0.0480138354989644,-0.6872129538261068,0.7622071297615757,0.3857725210280006,-0.0501902886419571,-0.8673166164721073,97
1629636,Darius Garland,CLE,2023-24,57,33.3,18.0,2.7,6.5,1.3,0.1,3.1,0.446,0.834,0.371,2.3,6.2,6.6,14.8,2.6,3.1,0.56,0.249,0.260914337347256,-1.0799686833436224,1.3054824924995665,1.1307000855579437,-1.0417885702449738,-0.581685500959639,0.5424939814254452,0.4790164708244872,1.6330028695825272,-0.9206384046587257,98
203935,Marcus Smart,MEM,2023-24,20,30.2,14.5,2.7,4.3,2.1,0.3,3.1,0.43,0.768,0.313,2.1,6.7,5.1,11.9,2.2,2.8,0.552,0.225,-0.3435841087938394,-1.0799686833436224,0.2341770774475333,3.5851466127447,-0.6442786763465701,-0.8630920419368865,0.3227808330893152,-0.4001407701138136,1.6330028695825272,-0.9338476693341582,99
203994,Jusuf Nurkić,PHX,2023-24,76,27.3,10.9,11.0,4.0,1.1,1.1,2.3,0.51,0.64,0.244,0.3,1.2,4.2,8.3,2.2,3.4,0.559,0.187,-0.9653539391103946,2.2302921730295475,0.0880899753949834,0.5170884537612549,0.9457608992470452,0.5439406629493496,-1.6546375019358577,-2.105172994963853,0.5971916952905365,-0.9345336037580287,100
1630590,Scotty Pippen Jr.,MEM,2023-24,21,25.1,12.9,3.2,4.7,1.7,0.5,2.7,0.493,0.745,0.417,1.4,3.4,4.8,9.7,2.0,2.6,0.596,0.227,-0.6199262556011972,-0.8805553787428291,0.4289598801842668,2.357923349151321,-0.2467687824481662,0.2449462131610242,-0.446215186087141,-0.7065137480165554,1.1150972824365322,-1.03997348033523,101
1627741,Buddy Hield,PHI,2023-24,84,25.7,12.1,3.2,2.8,0.8,0.5,1.2,0.436,0.881,0.386,2.6,6.8,4.4,10.1,0.6,0.7,0.578,0.186,-0.7580973290048763,-0.8805553787428291,-0.4962584328152164,-0.4033289939337786,-0.2467687824481662,-0.7575645890704187,0.8720637039296409,1.1050829908866115,-0.82704866936095,-1.0510101275353843,102
1628398,Kyle Kuzma,WAS,2023-24,70,32.6,22.2,6.6,4.2,0.5,0.7,2.7,0.463,0.775,0.336,2.2,6.4,8.7,18.8,2.7,3.4,0.547,0.295,0.9863124727165704,0.4754550925425657,0.1854813767633502,-1.323746441628812,0.1507411114502374,-0.2826910511713137,0.4326374072573804,-0.306896820317327,1.1150972824365322,-1.1004572818749723,103
1630193,Immanuel Quickley,TOR,2023-24,68,29.2,17.0,3.8,4.9,0.7,0.1,1.5,0.434,0.853,0.395,2.5,6.4,5.7,13.1,3.1,3.6,0.577,0.233,0.0882004955926573,-0.6412594132218772,0.5263512815526336,-0.7101348098321233,-1.0417885702449738,-0.7927404066925746,0.7622071297615757,0.7321071917006652,-0.4386194790014535,-1.1397724198841421,104
101108,Chris Paul,GSW,2023-24,58,26.4,9.2,3.9,6.8,1.2,0.1,1.3,0.441,0.827,0.371,1.3,3.6,3.6,8.1,0.7,0.9,0.544,0.154,-1.2589674700932123,-0.6013767523017185,1.4515695945521163,0.823894269659599,-1.0417885702449738,-0.6696250450150288,-0.556071760255206,0.3857725210280006,-0.6975722725744511,-1.1700331246315956,105
1630200,Tre Jones,SAS,2023-24,77,27.8,10.0,3.8,6.2,1.0,0.1,1.5,0.505,0.856,0.335,0.8,2.5,3.9,7.8,1.3,1.5,0.591,0.149,-1.1207963966895331,-0.6412594132218772,1.159395390447017,0.2102826378629102,-1.0417885702449738,0.4560011188939598,-1.1053546310955318,0.7720688844705881,-0.4386194790014535,-1.2116194224221835,106
1630174,Aaron Nesmith,IND,2023-24,72,27.7,12.2,3.8,1.5,0.9,0.7,0.9,0.496,0.781,0.419,1.9,4.6,4.4,8.8,1.5,1.9,0.631,0.158,-0.7408259448294164,-0.6412594132218772,-1.1293025417095994,-0.0965231780354341,0.1507411114502374,0.2977099395942581,0.1030676847531847,-0.2269734347774814,-1.2154778597204463,-1.2720726658043313,107
203110,Draymond Green,GSW,2023-24,55,27.1,8.6,7.2,6.0,1.0,0.9,2.5,0.497,0.73,0.395,0.9,2.3,3.4,6.8,1.0,1.3,0.587,0.148,-1.3625957751459716,0.714751058063518,1.06200398907865,0.2102826378629102,0.5482510053486414,0.3152978484053361,-0.9954980569274666,-0.9063222118661696,0.8561444888635343,-1.3724578488427706,108
1630591,Jalen Suggs,ORL,2023-24,75,27.0,12.6,3.1,2.7,1.4,0.6,1.8,0.471,0.756,0.397,2.0,5.1,4.5,9.5,1.6,2.1,0.602,0.191,-0.671740408127577,-0.920438039662988,-0.5449541334993996,1.437505901456288,-0.0480138354989644,-0.1419877806826909,0.2129242589212499,-0.559987541193505,-0.0501902886419571,-1.376593193898693,109
1629673,Jordan Poole,WAS,2023-24,78,30.1,17.4,2.7,4.4,1.1,0.3,2.4,0.413,0.877,0.326,2.4,7.2,6.3,15.2,2.5,2.8,0.529,0.256,0.1572860322944965,-1.0799686833436224,0.2828727781317169,0.5170884537612549,-0.6442786763465701,-1.1620864917252118,0.6523505555935104,1.051800733860048,0.7266680920770354,-1.393084488114149,110
1631094,Paolo Banchero,ORL,2023-24,80,35.0,22.6,6.9,5.4,0.9,0.6,3.1,0.455,0.725,0.339,1.5,4.4,8.0,17.6,5.1,7.0,0.546,0.292,1.05539800941841,0.595103075303042,0.7698297849735501,-0.0965231780354341,-0.0480138354989644,-0.4233943216599374,-0.3363586119190758,-0.9729250331493744,1.6330028695825272,-1.4532557222743792,111
1629012,Collin Sexton,UTA,2023-24,78,26.6,18.7,2.6,4.9,0.8,0.2,2.1,0.487,0.859,0.394,1.6,4.2,6.5,13.3,4.1,4.7,0.607,0.267,0.3818140265754749,-1.1198513442637812,0.5263512815526336,-0.4033289939337786,-0.8430336232957719,0.1394187602945564,-0.2265020377510105,0.8120305772405109,0.3382389017175393,-1.5364116000985062,112
203924,Jerami Grant,POR,2023-24,54,33.9,21.0,3.5,2.8,0.8,0.6,2.1,0.451,0.817,0.402,2.1,5.1,7.1,15.7,4.7,5.8,0.573,0.255,0.779055862611052,-0.7609073959823531,-0.4962584328152164,-0.4033289939337786,-0.0480138354989644,-0.4937459569042492,0.3227808330893152,0.2525668784615911,0.3382389017175393,-1.6103167857669574,113
203944,Julius Randle,NYK,2023-24,46,35.4,24.0,9.2,5.0,0.5,0.3,3.5,0.472,0.781,0.311,1.7,5.3,8.6,18.2,5.1,6.6,0.569,0.287,1.297197387874848,1.5124042764666912,0.5750469822368167,-1.323746441628812,-0.6442786763465701,-0.124399871871613,-0.1166454635829455,-0.2269734347774814,2.1509084567285224,-1.714295995787964,114
1627763,Malcolm Brogdon,POR,2023-24,39,28.7,15.7,3.8,5.5,0.7,0.2,1.5,0.44,0.819,0.412,2.1,5.1,5.6,12.7,2.4,3.0,0.56,0.226,-0.136327498688321,-0.6412594132218772,0.8185254856577333,-0.7101348098321233,-0.8430336232957719,-0.6872129538261068,0.3227808330893152,0.2792080069748731,-0.4386194790014535,-1.7509706883945262,115
1630245,Ayo Dosunmu,CHI,2023-24,76,29.1,12.2,2.8,3.2,0.9,0.5,1.4,0.501,0.81,0.403,1.6,3.9,4.7,9.5,1.1,1.4,0.604,0.168,-0.7408259448294164,-1.040086022423464,-0.301475630078483,-0.0965231780354341,-0.2467687824481662,0.3856494836496479,-0.2265020377510105,0.159322928665106,-0.5680958757879525,-1.9237032791568252,116
1630166,Deni Avdija,WAS,2023-24,75,30.1,14.7,7.2,3.8,0.8,0.5,2.1,0.506,0.74,0.374,1.2,3.1,5.4,10.7,2.7,3.6,0.597,0.196,-0.3090413404429197,0.714751058063518,-0.0093014259733832,-0.4033289939337786,-0.2467687824481662,0.4735890277050377,-0.6659283344232713,-0.7731165692997601,0.3382389017175393,-1.945834626061493,117
1630560,Cam Thomas,BKN,2023-24,66,31.4,22.5,3.2,2.9,0.7,0.2,1.9,0.442,0.856,0.364,2.2,6.0,8.0,18.0,4.3,5.1,0.554,0.296,1.03812662524295,-0.8805553787428291,-0.447562732131033,-0.7101348098321233,-0.8430336232957719,-0.6520371362039509,0.4326374072573804,0.7720688844705881,0.0792861081445414,-2.0408089551753354,118
1629130,Duncan Robinson,MIA,2023-24,68,28.0,12.9,2.5,2.8,0.7,0.2,1.4,0.45,0.889,0.395,2.8,7.0,4.5,9.9,1.2,1.3,0.612,0.184,-0.6199262556011972,-1.15973400518394,-0.4962584328152164,-0.7101348098321233,-0.8430336232957719,-0.5113338657153272,1.091776852265771,1.2116475049397393,-0.5680958757879525,-2.0544369793224933,119
1627747,Caris LeVert,CLE,2023-24,68,28.8,14.0,4.1,5.1,1.1,0.5,1.7,0.421,0.766,0.325,1.6,4.9,5.1,12.1,2.3,3.0,0.524,0.224,-0.4299410296711387,-0.5216114304614012,0.6237426829209998,0.5170884537612549,-0.2467687824481662,-1.021383221236588,-0.2265020377510105,-0.4267818986270956,-0.179666685428456,-2.0883195509746852,120
1630224,Jalen Green,HOU,2023-24,82,31.7,19.6,5.2,3.5,0.8,0.3,2.3,0.423,0.804,0.332,2.5,7.4,6.9,16.2,3.5,4.3,0.541,0.27,0.5372564841546141,-0.0829021603396555,-0.1553885280259331,-0.4033289939337786,-0.6442786763465701,-0.9862074036144322,0.7622071297615757,0.0793995431252603,0.5971916952905365,-2.115308562378161,121
1629622,Max Strus,CLE,2023-24,70,32.0,12.2,4.8,4.0,0.9,0.4,1.6,0.418,0.794,0.351,2.4,6.8,4.3,10.4,1.1,1.4,0.553,0.167,-0.7408259448294164,-0.2424328040202904,0.0880899753949834,-0.0965231780354341,-0.4455237293973681,-1.074146947669822,0.6523505555935104,-0.0538060994411491,-0.3091430822149547,-2.1809796698675505,122
1626162,Kelly Oubre Jr.,PHI,2023-24,68,30.2,15.4,5.0,1.5,1.1,0.7,1.3,0.441,0.75,0.311,1.5,4.8,5.7,12.9,2.6,3.4,0.535,0.22,-0.1881416512147005,-0.1626674821799729,-1.1293025417095994,0.5170884537612549,0.1507411114502374,-0.6696250450150288,-0.3363586119190758,-0.6399109267333507,-0.6975722725744511,-2.243009466804022,123
1630581,Josh Giddey,OKC,2023-24,80,25.1,12.3,6.4,4.8,0.7,0.6,2.1,0.475,0.806,0.337,1.0,3.0,5.0,10.6,1.3,1.6,0.547,0.223,-0.7235545606539563,0.3956897707022486,0.4776555808684499,-0.7101348098321233,-0.0480138354989644,-0.0716361454383791,-0.8856414827594015,0.1060406716385422,0.3382389017175393,-2.2950019311711,124
1629661,Cameron Johnson,BKN,2023-24,58,27.6,13.4,4.3,2.4,0.8,0.3,1.0,0.446,0.789,0.391,2.4,6.1,4.8,10.7,1.5,1.9,0.582,0.19,-0.5335693347238979,-0.4418461086210838,-0.6910412355519496,-0.4033289939337786,-0.6442786763465701,-0.581685500959639,0.6523505555935104,-0.1204089207243538,-1.0860014629339476,-2.2989497887877226,125
203932,Aaron Gordon,DEN,2023-24,73,31.5,13.9,6.5,3.5,0.8,0.6,1.4,0.556,0.658,0.29,0.5,1.9,5.5,9.8,2.4,3.7,0.607,0.174,-0.4472124138465985,0.4355724316224071,-0.1553885280259331,-0.4033289939337786,-0.0480138354989644,1.3529844682589358,-1.4349243535997271,-1.865402838344316,-0.5680958757879525,-2.4065110459656456,126
1629652,Luguentz Dort,OKC,2023-24,79,28.4,10.9,3.6,1.4,0.9,0.6,0.9,0.438,0.826,0.394,2.0,5.0,3.6,8.3,1.6,2.0,0.593,0.152,-0.9653539391103946,-0.7210247350621944,-1.177998242393783,-0.0965231780354341,-0.0480138354989644,-0.7223887714482627,0.2129242589212499,0.3724519567713596,-1.2154778597204463,-2.498787184312251,127
1631246,Vince Williams Jr.,MEM,2023-24,52,27.6,10.0,5.6,3.4,0.9,0.7,1.8,0.446,0.8,0.378,1.5,4.0,3.3,7.3,2.0,2.5,0.597,0.155,-1.1207963966895331,0.0766284833409789,-0.2040842287101164,-0.0965231780354341,0.1507411114502374,-0.581685500959639,-0.3363586119190758,0.0261172860986965,-0.0501902886419571,-2.5491688550926206,128
1630180,Saddiq Bey,ATL,2023-24,63,32.7,13.7,6.5,1.5,0.8,0.2,0.9,0.416,0.837,0.316,1.8,5.7,4.6,11.1,2.7,3.2,0.549,0.163,-0.4817551821975184,0.4355724316224071,-1.1293025417095994,-0.4033289939337786,-0.8430336232957719,-1.109322765291978,-0.0067888894148802,0.5189781635944101,-1.2154778597204463,-2.5669226969749674,129
1629640,Keldon Johnson,SAS,2023-24,69,29.5,15.7,5.5,2.8,0.7,0.3,1.4,0.454,0.792,0.346,1.8,5.3,5.7,12.5,2.5,3.2,0.565,0.212,-0.136327498688321,0.0367458224208203,-0.4962584328152164,-0.7101348098321233,-0.6442786763465701,-0.4409822304710153,-0.0067888894148802,-0.0804472279544309,-0.5680958757879525,-2.6157132405660573,130
1628404,Josh Hart,NYK,2023-24,81,33.4,9.4,8.3,4.1,0.9,0.3,1.5,0.434,0.791,0.31,1.0,3.2,3.6,8.4,1.1,1.4,0.522,0.133,-1.2244247017422925,1.1534603281852636,0.1367856760791666,-0.0965231780354341,-0.6442786763465701,-0.7927404066925746,-0.8856414827594015,-0.0937677922110719,-0.4386194790014535,-2.695510013078956,131
1628370,Malik Monk,SAC,2023-24,72,26.0,15.4,2.9,5.1,0.6,0.5,2.1,0.443,0.829,0.35,2.1,5.9,5.5,12.4,2.4,2.8,0.564,0.247,-0.1881416512147005,-1.0002033615033052,0.6237426829209998,-1.0169406257304676,-0.2467687824481662,-0.6344492273928729,0.3227808330893152,0.4124136495412825,0.3382389017175393,-2.769646521089599,132
203471,Dennis Schröder,BKN,2023-24,80,31.1,14.0,3.0,6.1,0.8,0.2,1.9,0.435,0.836,0.375,1.7,4.6,5.0,11.6,2.2,2.7,0.55,0.202,-0.4299410296711387,-0.9603207005831466,1.110699689762833,-0.4033289939337786,-0.8430336232957719,-0.7751524978814966,-0.1166454635829455,0.5056575993377691,0.0792861081445414,-2.7708175813677354,133
1629631,De'Andre Hunter,ATL,2023-24,57,29.5,15.6,3.9,1.5,0.7,0.3,1.5,0.459,0.847,0.385,2.1,5.3,5.3,11.6,2.9,3.4,0.595,0.204,-0.1535988828637809,-0.6013767523017185,-1.1293025417095994,-0.7101348098321233,-0.6442786763465701,-0.3530426864156255,0.3227808330893152,0.6521838061608195,-0.4386194790014535,-2.9214004598529106,134
1626196,Josh Richardson,MIA,2023-24,43,25.6,9.9,2.8,2.4,0.6,0.3,0.8,0.444,0.944,0.347,1.5,4.4,3.6,8.1,1.2,1.3,0.573,0.159,-1.1380677808649933,-1.040086022423464,-0.6910412355519496,-1.0169406257304676,-0.6442786763465701,-0.6168613185817949,-0.3363586119190758,1.9442785390549897,-1.344954256506945,-3.002119598427739,135
200768,Kyle Lowry,PHI,2023-24,60,28.2,8.1,3.2,4.2,1.0,0.4,1.4,0.432,0.84,0.392,1.6,4.2,2.7,6.3,1.1,1.3,0.594,0.128,-1.448952696023271,-0.8805553787428291,0.1854813767633502,0.2102826378629102,-0.4455237293973681,-0.8279162243147306,-0.2265020377510105,0.5589398563643329,-0.5680958757879525,-3.0150787713456495,136
1629018,Gary Trent Jr.,TOR,2023-24,71,28.1,13.7,2.6,1.7,1.1,0.1,0.7,0.426,0.771,0.393,2.5,6.4,5.1,11.9,1.0,1.4,0.548,0.195,-0.4817551821975184,-1.1198513442637812,-1.0319111403412329,0.5170884537612549,-1.0417885702449738,-0.9334436771811984,0.7622071297615757,-0.3601790773438908,-1.474430653293444,-3.0410432858104586,137
1629060,Rui Hachimura,LAL,2023-24,68,26.8,13.6,4.3,1.2,0.6,0.4,0.7,0.537,0.739,0.422,1.4,3.4,5.3,9.9,1.5,2.0,0.628,0.182,-0.4990265663729782,-0.4418461086210838,-1.2753896437621492,-1.0169406257304676,-0.4455237293973681,1.0188142008484546,-0.446215186087141,-0.7864371335564011,-1.474430653293444,-3.0773279472221655,138
1626181,Norman Powell,LAC,2023-24,76,26.2,13.9,2.6,1.1,0.6,0.3,0.9,0.486,0.831,0.435,2.2,5.1,4.9,10.1,1.9,2.3,0.626,0.193,-0.4472124138465985,-1.1198513442637812,-1.3240853444463327,-1.0169406257304676,-0.6442786763465701,0.1218308514834784,0.4326374072573804,0.4390547780545644,-1.2154778597204463,-3.1017614918872827,139
1628379,Luke Kennard,MEM,2023-24,39,25.6,11.0,2.9,3.5,0.5,0.1,1.4,0.448,0.889,0.45,2.7,6.1,3.6,8.1,1.0,1.2,0.641,0.166,-0.9480825549349348,-1.0002033615033052,-0.1553885280259331,-1.323746441628812,-1.0417885702449738,-0.5465096833374832,0.9819202780977062,1.2116475049397393,-0.5680958757879525,-3.106557933732515,140
1629023,P.J. Washington,DAL,2023-24,73,30.4,12.9,5.6,1.9,1.0,0.8,1.3,0.436,0.683,0.32,1.8,5.7,4.8,11.1,1.4,2.0,0.537,0.185,-0.6199262556011972,0.0766284833409789,-0.9345197389728662,0.2102826378629102,0.3494960583994395,-0.7575645890704187,-0.0067888894148802,-1.5323887319282925,-0.6975722725744511,-3.1551229533889655,141
1631170,Jaime Jaquez Jr.,MIA,2023-24,75,28.2,11.9,3.8,2.6,1.0,0.3,1.5,0.489,0.811,0.322,0.9,2.7,4.5,9.3,1.9,2.3,0.574,0.181,-0.7926400973557959,-0.6412594132218772,-0.593649834183583,0.2102826378629102,-0.6442786763465701,0.1745945779167123,-0.9954980569274666,0.1726434929217469,-0.4386194790014535,-3.4245903332903715,142
1630228,Jonathan Kuminga,GSW,2023-24,74,26.3,16.1,4.8,2.2,0.7,0.5,1.6,0.529,0.746,0.321,0.7,2.2,6.2,11.6,3.0,4.0,0.598,0.237,-0.0672419619864812,-0.2424328040202904,-0.7884326369203162,-0.7101348098321233,-0.2467687824481662,0.8781109303598309,-1.215211205263597,-0.6931931837599145,-0.3091430822149547,-3.5004670806002487,143
1628971,Bruce Brown,TOR,2023-24,67,27.8,10.8,4.2,2.9,0.9,0.3,1.3,0.478,0.824,0.323,0.8,2.4,4.1,8.7,1.7,2.1,0.563,0.161,-0.9826253232858544,-0.4817287695412423,-0.447562732131033,-0.0965231780354341,-0.6442786763465701,-0.0188724190051452,-1.1053546310955318,0.3458108282580778,-0.6975722725744511,-3.5497090090794554,144
1631101,Shaedon Sharpe,POR,2023-24,32,33.1,15.9,5.0,2.9,0.9,0.4,2.3,0.406,0.824,0.333,1.9,5.6,5.5,13.6,3.1,3.7,0.524,0.22,-0.1017847303374011,-0.1626674821799729,-0.447562732131033,-0.0965231780354341,-0.4455237293973681,-1.2852018534027565,0.1030676847531847,0.3458108282580778,0.5971916952905365,-3.5786605652487067,145
201569,Eric Gordon,PHX,2023-24,68,27.8,11.0,1.8,2.0,1.0,0.4,1.1,0.443,0.797,0.378,2.2,5.8,4.0,9.1,0.8,0.9,0.58,0.162,-0.9480825549349348,-1.438912631625051,-0.8858240382886828,0.2102826378629102,-0.4455237293973681,-0.6344492273928729,0.4326374072573804,-0.0138444066712262,-0.9565250661474486,-3.5833859290685317,146
1629628,RJ Barrett,TOR,2023-24,58,31.7,20.2,5.4,3.3,0.5,0.4,2.2,0.495,0.715,0.36,1.6,4.3,7.5,15.2,3.6,5.0,0.58,0.257,0.6408847892073729,-0.0031368384993381,-0.2527799293942998,-1.323746441628812,-0.4455237293973681,0.2801220307831801,-0.2265020377510105,-1.1061306757157838,0.4677152985040382,-3.799843882794775,147
1628976,Wendell Carter Jr.,ORL,2023-24,55,25.6,11.0,6.9,1.7,0.6,0.5,1.2,0.525,0.694,0.374,1.2,3.1,4.1,7.7,1.7,2.4,0.623,0.172,-0.9480825549349348,0.595103075303042,-1.0319111403412329,-1.0169406257304676,-0.2467687824481662,0.807759295115519,-0.6659283344232713,-1.3858625251052437,-0.82704866936095,-3.829589862336664,148
1630191,Isaiah Stewart,DET,2023-24,46,30.9,10.9,6.6,1.6,0.4,0.8,1.4,0.487,0.753,0.383,1.5,3.8,4.0,8.3,1.4,1.8,0.6,0.143,-0.9653539391103946,0.4754550925425657,-1.0806068410254162,-1.6305522575271565,0.3494960583994395,0.1394187602945564,-0.3363586119190758,-0.5999492339634278,-0.5680958757879525,-3.849599778934853,149
1630172,Patrick Williams,CHI,2023-24,43,27.3,10.0,3.9,1.5,0.9,0.8,1.3,0.443,0.788,0.399,1.4,3.4,3.7,8.3,1.2,1.5,0.553,0.163,-1.1207963966895331,-0.6013767523017185,-1.1293025417095994,-0.0965231780354341,0.3494960583994395,-0.6344492273928729,-0.446215186087141,-0.1337294849809947,-0.6975722725744511,-3.898115590996957,150
1628415,Dillon Brooks,HOU,2023-24,72,30.9,12.7,3.4,1.7,0.9,0.1,1.2,0.428,0.844,0.359,1.8,5.1,4.6,10.7,1.7,2.0,0.549,0.176,-0.6544690239521171,-0.8007900569025118,-1.0319111403412329,-0.0965231780354341,-1.0417885702449738,-0.8982678595590424,-0.0067888894148802,0.6122221133908967,-0.82704866936095,-4.161294484080999,151
203501,Tim Hardaway Jr.,DAL,2023-24,79,26.8,14.4,3.2,1.8,0.5,0.1,0.9,0.402,0.852,0.353,2.7,7.6,5.0,12.4,1.8,2.1,0.542,0.22,-0.3608554929692992,-0.8805553787428291,-0.9832154396570496,-1.323746441628812,-1.0417885702449738,-1.3555534886470684,0.9819202780977062,0.7187866274440242,-1.2154778597204463,-4.226554983053011,152
203084,Harrison Barnes,SAC,2023-24,82,29.0,12.2,3.0,1.2,0.7,0.1,0.7,0.474,0.801,0.387,1.8,4.7,4.2,8.9,1.9,2.4,0.611,0.154,-0.7408259448294164,-0.9603207005831466,-1.2753896437621492,-0.7101348098321233,-1.0417885702449738,-0.089224054249457,-0.0067888894148802,0.0394378503553375,-1.474430653293444,-4.394553481646064,153
1631110,Jeremy Sochan,SAS,2023-24,74,29.6,11.6,6.4,3.4,0.8,0.5,1.9,0.438,0.771,0.308,0.9,3.1,4.6,10.5,1.5,1.9,0.513,0.187,-0.8444542498821755,0.3956897707022486,-0.2040842287101164,-0.4033289939337786,-0.2467687824481662,-0.7223887714482627,-0.9954980569274666,-0.3601790773438908,0.0792861081445414,-4.471720582815983,154
203903,Jordan Clarkson,UTA,2023-24,55,30.6,17.1,3.4,5.0,0.6,0.1,2.7,0.413,0.881,0.294,1.7,5.6,6.1,14.8,3.2,3.7,0.521,0.255,0.1054718797681174,-0.8007900569025118,0.5750469822368167,-1.0169406257304676,-1.0417885702449738,-1.1620864917252118,-0.1166454635829455,1.1050829908866115,1.1150972824365322,-4.728839484086313,155
1627736,Malik Beasley,MIL,2023-24,79,29.6,11.3,3.7,1.4,0.7,0.1,0.7,0.443,0.714,0.413,2.8,6.9,4.1,9.1,0.3,0.4,0.603,0.142,-0.896268402408555,-0.6811420741420358,-1.177998242393783,-0.7101348098321233,-1.0417885702449738,-0.6344492273928729,1.091776852265771,-1.1194512399724248,-1.474430653293444,-4.9011398450451065,156
1630183,Jaden McDaniels,MIN,2023-24,72,29.2,10.5,3.1,1.4,0.9,0.6,1.2,0.489,0.722,0.337,1.2,3.5,4.3,8.7,0.8,1.1,0.571,0.156,-1.0344394758122342,-0.920438039662988,-1.177998242393783,-0.0965231780354341,-0.0480138354989644,0.1745945779167123,-0.6659283344232713,-1.012886725919297,-0.82704866936095,-4.939072180644516,157
203952,Andrew Wiggins,GSW,2023-24,71,27.0,13.2,4.5,1.7,0.6,0.6,1.2,0.453,0.751,0.358,1.3,3.6,5.0,11.0,2.0,2.7,0.544,0.206,-0.5681121030748177,-0.3620807867807664,-1.0319111403412329,-1.0169406257304676,-0.0480138354989644,-0.4585701392820933,-0.556071760255206,-0.6265903624767097,-0.82704866936095,-4.957465800101582,158
1630583,Santi Aldama,MEM,2023-24,61,26.5,10.7,5.8,2.3,0.7,0.9,1.1,0.435,0.621,0.349,1.7,5.0,4.0,9.3,0.9,1.4,0.539,0.177,-0.9998967074613144,0.1563938051812963,-0.739736936236133,-0.7101348098321233,0.5482510053486414,-0.7751524978814966,-0.1166454635829455,-2.3582637158400312,-0.9565250661474486,-5.087856698056809,159
1629684,Grant Williams,CHA,2023-24,76,28.0,10.3,4.2,2.3,0.6,0.5,1.4,0.456,0.757,0.375,1.7,4.4,3.6,8.0,1.4,1.8,0.588,0.157,-1.0689822441631536,-0.4817287695412423,-0.739736936236133,-1.0169406257304676,-0.2467687824481662,-0.4058064128488594,-0.1166454635829455,-0.5466669769368641,-0.5680958757879525,-5.205865945864913,160
203915,Spencer Dinwiddie,LAL,2023-24,76,28.3,10.5,2.7,4.7,0.7,0.3,1.2,0.392,0.805,0.337,1.6,4.8,3.3,8.4,2.2,2.8,0.543,0.161,-1.0344394758122342,-1.0799686833436224,0.4289598801842668,-0.7101348098321233,-0.6442786763465701,-1.531432576757848,-0.2265020377510105,0.0927201073819013,-0.82704866936095,-5.212217705901644,161
1641713,GG Jackson,MEM,2023-24,48,25.7,14.6,4.1,1.2,0.6,0.5,1.4,0.428,0.752,0.357,2.1,6.0,5.0,11.7,2.4,3.2,0.554,0.238,-0.3263127246183795,-0.5216114304614012,-1.2753896437621492,-1.0169406257304676,-0.2467687824481662,-0.8982678595590424,0.3227808330893152,-0.6132697982200688,-0.5680958757879525,-5.230728628490713,162
1641709,Ausar Thompson,DET,2023-24,63,25.1,8.8,6.4,1.9,1.1,0.9,1.3,0.483,0.597,0.186,0.3,1.8,3.7,7.6,1.1,1.9,0.522,0.161,-1.3280530067950518,0.3956897707022486,-0.9345197389728662,0.5170884537612549,0.5482510053486414,0.0690671250502446,-1.6546375019358577,-2.677957257999414,-0.6975722725744511,-5.325277545972511,163
1628997,Caleb Martin,MIA,2023-24,64,27.4,10.0,4.4,2.2,0.7,0.5,1.2,0.431,0.778,0.349,1.3,3.6,3.8,8.7,1.2,1.5,0.531,0.168,-1.1207963966895331,-0.4019634477009249,-0.7884326369203162,-0.7101348098321233,-0.2467687824481662,-0.8455041331258085,-0.556071760255206,-0.2669351275474042,-0.82704866936095,-5.326854198783561,164
1630557,Corey Kispert,WAS,2023-24,80,25.8,13.4,2.8,2.0,0.5,0.2,1.2,0.486,0.726,0.383,2.3,6.0,4.8,9.9,1.4,2.0,0.62,0.191,-0.5335693347238979,-1.040086022423464,-0.8858240382886828,-1.323746441628812,-0.8430336232957719,0.1218308514834784,0.5424939814254452,-0.9596044688927332,-0.82704866936095,-5.338070218655,165
1631097,Bennedict Mathurin,IND,2023-24,59,26.1,14.5,4.0,2.0,0.6,0.2,1.6,0.446,0.821,0.374,1.4,3.6,5.0,11.2,3.1,3.8,0.562,0.226,-0.3435841087938394,-0.5614940913815598,-0.8858240382886828,-1.0169406257304676,-0.8430336232957719,-0.581685500959639,-0.446215186087141,0.3058491354881549,-0.3091430822149547,-5.382278536667844,166
1627827,Dorian Finney-Smith,BKN,2023-24,68,28.4,8.5,4.7,1.6,0.8,0.6,0.9,0.421,0.717,0.348,1.7,4.9,3.2,7.5,0.5,0.7,0.546,0.132,-1.3798671593214311,-0.2823154649404489,-1.0806068410254162,-0.4033289939337786,-0.0480138354989644,-1.021383221236588,-0.1166454635829455,-1.079489547202502,-1.2154778597204463,-5.383292712381846,167
1630171,Isaac Okoro,CLE,2023-24,69,27.3,9.4,3.0,1.9,0.8,0.5,0.8,0.49,0.679,0.391,1.2,3.1,3.4,7.0,1.3,2.0,0.599,0.136,-1.2244247017422925,-0.9603207005831466,-0.9345197389728662,-0.4033289939337786,-0.2467687824481662,0.1921824867277903,-0.6659283344232713,-1.5856709889548564,-1.344954256506945,-5.668842454902132,168
201587,Nicolas Batum,PHI,2023-24,60,25.5,5.3,4.1,2.1,0.8,0.6,0.7,0.453,0.714,0.395,1.2,3.1,1.9,4.3,0.3,0.4,0.603,0.085,-1.932551452936147,-0.5216114304614012,-0.8371283376044996,-0.4033289939337786,-0.0480138354989644,-0.4585701392820933,-0.6659283344232713,-1.1194512399724248,-1.474430653293444,-5.710010620972104,169
1631093,Jaden Ivey,DET,2023-24,77,28.8,15.4,3.4,3.8,0.7,0.5,2.5,0.429,0.749,0.336,1.6,4.8,5.4,12.6,2.9,3.9,0.536,0.244,-0.1881416512147005,-0.8007900569025118,-0.0093014259733832,-0.7101348098321233,-0.2467687824481662,-0.8806799507479645,-0.2265020377510105,-0.6532314909899917,0.8561444888635343,-5.910651792657565,170
202711,Bojan Bogdanović,NYK,2023-24,57,25.9,15.2,2.7,1.7,0.5,0.1,1.8,0.454,0.785,0.398,2.3,5.9,5.4,11.9,2.1,2.6,0.581,0.242,-0.2226844195656204,-1.0799686833436224,-1.0319111403412329,-1.323746441628812,-1.0417885702449738,-0.4409822304710153,0.5424939814254452,-0.1736911777509176,-0.0501902886419571,-6.216532158977466,171
1627752,Taurean Prince,LAL,2023-24,78,27.0,8.9,2.9,1.5,0.7,0.4,0.9,0.442,0.735,0.396,1.8,4.6,3.2,7.3,0.6,0.9,0.579,0.134,-1.310781622619592,-1.0002033615033052,-1.1293025417095994,-0.7101348098321233,-0.4455237293973681,-0.6520371362039509,-0.0067888894148802,-0.8397193905829649,-1.2154778597204463,-6.290955362993416,172
1641764,Brandin Podziemski,GSW,2023-24,74,26.6,9.2,5.8,3.7,0.8,0.2,1.2,0.454,0.633,0.385,1.2,3.2,3.7,8.1,0.7,1.1,0.54,0.149,-1.2589674700932123,0.1563938051812963,-0.0579971266575663,-0.4033289939337786,-0.8430336232957719,-0.4409822304710153,-0.6659283344232713,-2.1984169447603397,-0.82704866936095,-6.333173260450675,173
1641731,Bilal Coulibaly,WAS,2023-24,63,27.2,8.4,4.1,1.7,0.9,0.8,1.4,0.435,0.702,0.346,1.0,2.9,3.0,6.9,1.5,2.1,0.543,0.139,-1.3971385434968913,-0.5216114304614012,-1.0319111403412329,-0.0965231780354341,0.3494960583994395,-0.7751524978814966,-0.8856414827594015,-1.2792980110521162,-0.5680958757879525,-6.3622934217939875,174
1630182,Josh Green,DAL,2023-24,57,26.4,8.2,3.2,2.3,0.8,0.2,1.1,0.479,0.684,0.385,1.3,3.3,3.1,6.6,0.7,1.0,0.588,0.129,-1.4316813118478111,-0.8805553787428291,-0.739736936236133,-0.4033289939337786,-0.8430336232957719,-0.0012845101940672,-0.556071760255206,-1.5190681676716515,-0.9565250661474486,-6.93916329417225,175
1641718,Keyonte George,UTA,2023-24,75,27.0,13.0,2.8,4.4,0.5,0.1,2.5,0.391,0.848,0.334,2.0,5.9,4.3,10.9,2.5,3.0,0.533,0.224,-0.6026548714257374,-1.040086022423464,0.2828727781317169,-1.323746441628812,-1.0417885702449738,-1.549020485568926,0.2129242589212499,0.6655043704174605,0.8561444888635343,-6.992947513476692,176
1630703,Scoot Henderson,POR,2023-24,62,28.5,14.0,3.1,5.4,0.8,0.2,3.4,0.385,0.819,0.325,1.4,4.3,5.0,12.9,2.7,3.3,0.489,0.26,-0.4299410296711387,-0.920438039662988,0.7698297849735501,-0.4033289939337786,-0.8430336232957719,-1.6545479384353938,-0.446215186087141,0.2792080069748731,2.0214320599420232,-7.428028744465921,177
1628998,Cody Martin,CHA,2023-24,28,26.9,7.5,3.9,3.7,1.1,0.6,1.6,0.381,0.606,0.314,1.0,3.1,2.9,7.7,0.7,1.2,0.46,0.157,-1.55258100107603,-0.6013767523017185,-0.0579971266575663,0.5170884537612549,-0.0480138354989644,-1.7248995736797057,-0.8856414827594015,-2.5580721796896455,-0.3091430822149547,-8.430021760071181,178
